<?xml version="1.0" encoding="UTF-8" ?>
<!DOCTYPE struts PUBLIC
    "-//Apache Software Foundation//DTD Struts Configuration 2.0//EN"
    "http://struts.apache.org/dtds/struts-2.0.dtd">

<struts>
	<constant name="struts.enable.DynamicMethodInvocation" value="false" />
	<constant name="struts.devMode" value="true" />
	<constant name="struts.multipart.maxSize" value="90000000" />

	<package name="default" extends="struts-default" namespace="/">
		<action name="login" class="com.indelpro.action.LoginAction">
			<result name="success">welcome.jsp</result>
			<result name="error">login.jsp</result>
		</action>
		<action name="revisaSesion" method="revisaSesion" class="com.indelpro.action.LoginAction">
			<result name="success">m.jsp</result>
			<result name="error">e.jsp</result>
		</action>
		<action name="loginProveedor" method="loginProveedor" class="com.indelpro.action.LoginAction">
			<result name="success">welcomeProveedor.jsp</result>
			<result name="error">loginProveedor.jsp</result>
		</action>
		<action name="logout" method="logout" class="com.indelpro.action.LoginAction">
			<result name="success">login.jsp</result>
		</action>
		<action name="resetPass" method="resetPass"
			class="com.indelpro.action.LoginAction">
			<result name="success">m.jsp</result>
			<result name="error">e.jsp</result>
		</action>
		<action name="welcome" class="com.indelpro.action.WelcomeAction">
			<result name="success">welcome.jsp</result>
			<result name="error">login.jsp</result>
		</action>
		<action name="welcomeProveedor" method="welcomeProveedor" class="com.indelpro.action.WelcomeAction">
			<result name="success">welcomeProveedor.jsp</result>
			<result name="error">loginProveedor.jsp</result>
		</action>
		<action name="cargaArchivo" class="com.indelpro.action.FileUploadAction">
			<result name="success">m.jsp</result>
			<result name="error">e.jsp</result>
			<result name="input">login.jsp</result>
		</action>
		<action name="descargaArchivo" class="com.indelpro.action.FileDownloadAction">
			<result name="authReq">login.jsp</result>
			<result name="success" type="stream">
				<param name="contentType">${contentType}</param>
				<param name="inputName">fileInputStream</param>
				<param name="contentDisposition">inline;filename="${fileName}"</param>
				<param name="bufferSize">1024</param>
			</result>
		</action>
	</package>

	<package name="jsondefault" namespace="/" extends="json-default">
		<interceptors>
	        <interceptor name="json" class="org.apache.struts2.json.JSONInterceptor"/>
	    </interceptors>


		<action name="Menu" class="com.indelpro.action.MenuAction">
			<result type="json" />
		</action>
		<action name="listaProveedores" method="lista"
			class="com.indelpro.action.ProveedorAction">
			<result type="json" />
		</action>
		<action name="creaProveedor" method="crea"
			class="com.indelpro.action.ProveedorAction">
			<result type="json" />
		</action>
		<action name="actualizaProveedor" method="actualiza"
			class="com.indelpro.action.ProveedorAction">
			<result type="json" />
		</action>

		<action name="listaUsuarios" method="lista"
			class="com.indelpro.action.UsuarioAction">
			<result type="json" />
		</action>
		<action name="creaUsuario" method="crear"
			class="com.indelpro.action.UsuarioAction">
			<result type="json" />
		</action>
		<action name="actualizaUsuario" method="actualizaUsuario"
			class="com.indelpro.action.UsuarioAction">
			<result type="json" />
		</action>
		<action name="listaEvalTec" method="listaEvalTec"
			class="com.indelpro.action.UsuarioAction">
			<result type="json" />
		</action>

		<action name="obtenLicitacionParaProveedor" method="obtenLicitacionParaProveedor"
			class="com.indelpro.action.LicitacionAction">
			<interceptor-ref name="json">
				<param name="contentType">application/json</param>
			</interceptor-ref>
			<result type="json" />
		</action>
		<action name="guardaPropuesta" method="guardaPropuesta"
			class="com.indelpro.action.LicitacionAction">
			<interceptor-ref name="json">
				<param name="contentType">application/json</param>
			</interceptor-ref>
			<result type="json" />
		</action>
		<action name="apruebaLicitacion" method="apruebaLicitacion"
			class="com.indelpro.action.LicitacionAction">
			<interceptor-ref name="json">
				<param name="contentType">application/json</param>
			</interceptor-ref>
			<result type="json" />
		</action>
		<action name="apruebaEvaluacionLicitacion" method="apruebaEvaluacionLicitacion"
			class="com.indelpro.action.LicitacionAction">
			<interceptor-ref name="json">
				<param name="contentType">application/json</param>
			</interceptor-ref>
			<result type="json" />
		</action>
		<action name="asignaLicitacion" method="asignaLicitacion"
			class="com.indelpro.action.LicitacionAction">
			<interceptor-ref name="json">
				<param name="contentType">application/json</param>
			</interceptor-ref>
			<result type="json" />
		</action>
		<action name="apruebaEvalTec" method="apruebaEvalTec"
			class="com.indelpro.action.LicitacionAction">
			<interceptor-ref name="json">
				<param name="contentType">application/json</param>
			</interceptor-ref>
			<result type="json" />
		</action>
		<action name="cambiaEstatus" method="cambiaEstatus"
			class="com.indelpro.action.LicitacionAction">
			<interceptor-ref name="json">
				<param name="contentType">application/json</param>
			</interceptor-ref>
			<result type="json" />
		</action>
		<action name="cambiaEstatusDirecto" method="cambiaEstatusDirecto"
			class="com.indelpro.action.LicitacionAction">
			<interceptor-ref name="json">
				<param name="contentType">application/json</param>
			</interceptor-ref>
			<result type="json" />
		</action>
		<action name="guardaResultadosEvaluacion" method="guardaResultadosEvaluacion"
			class="com.indelpro.action.LicitacionAction">
			<interceptor-ref name="json">
				<param name="contentType">application/json</param>
			</interceptor-ref>
			<result type="json" />
		</action>
		<action name="eliminaProveedores" method="eliminaProveedores"
			class="com.indelpro.action.LicitacionAction">
			<interceptor-ref name="json">
				<param name="contentType">application/json</param>
			</interceptor-ref>
			<result type="json" />
		</action>
		<action name="agregaProveedores" method="agregaProveedores"
			class="com.indelpro.action.LicitacionAction">
			<interceptor-ref name="json">
				<param name="contentType">application/json</param>
			</interceptor-ref>
			<result type="json" />
		</action>
		<action name="enviaInvitaciones" method="enviaInvitaciones"
			class="com.indelpro.action.LicitacionAction">
			<interceptor-ref name="json">
				<param name="contentType">application/json</param>
			</interceptor-ref>
			<result type="json" />
		</action>
		<action name="listaLicitaciones" method="listaLicitaciones"
			class="com.indelpro.action.LicitacionAction">
			<result type="json" />
		</action>
		<action name="ampliaPlazoLicitacion" method="ampliaPlazoLicitacion"
			class="com.indelpro.action.LicitacionAction">
			<interceptor-ref name="json">
				<param name="contentType">application/json</param>
			</interceptor-ref>
			<result type="json" />
		</action>
		<action name="borraLicitacion" method="borraLicitacion"
			class="com.indelpro.action.LicitacionAction">
			<interceptor-ref name="json">
				<param name="contentType">application/json</param>
			</interceptor-ref>
			<result type="json" />
		</action>
		<action name="buscaLicitaciones" method="buscaLicitaciones"
			class="com.indelpro.action.LicitacionAction">
			<interceptor-ref name="json">
				<param name="contentType">application/json</param>
			</interceptor-ref>
			<result type="json" />
		</action>
		<action name="obtenLicitacion" method="obtenLicitacion"
			class="com.indelpro.action.LicitacionAction">
			<interceptor-ref name="json">
				<param name="contentType">application/json</param>
			</interceptor-ref>
			<result type="json" />
		</action>
		<action name="liberaPTLicitacion" method="liberaPTLicitacion"
			class="com.indelpro.action.LicitacionAction">
			<interceptor-ref name="json">
				<param name="contentType">application/json</param>
			</interceptor-ref>
			<result type="json" />
		</action>
		<action name="liberaPELicitacion" method="liberaPELicitacion"
			class="com.indelpro.action.LicitacionAction">
			<interceptor-ref name="json">
				<param name="contentType">application/json</param>
			</interceptor-ref>
			<result type="json" />
		</action>
		<action name="guardaLicitacion" method="guardar"
			class="com.indelpro.action.LicitacionAction">
			<interceptor-ref name="json">
				<param name="contentType">application/json</param>
			</interceptor-ref>
			<result type="json" />
		</action>
		<action name="reasignaLicitacion" method="reasignaLicitacion"
			class="com.indelpro.action.LicitacionAction">
			<interceptor-ref name="json">
				<param name="contentType">application/json</param>
			</interceptor-ref>
			<result type="json" />
		</action>
		<action name="actualizaPonderacion" method="actualizaPonderacion"
			class="com.indelpro.action.LicitacionAction">
			<interceptor-ref name="json">
				<param name="contentType">application/json</param>
			</interceptor-ref>
			<result type="json" />
		</action>

		<action name="foro" method="foro"
			class="com.indelpro.action.ForoAction">
			<result type="json" />
		</action>
		<action name="pregunta" method="pregunta"
			class="com.indelpro.action.ForoAction">
			<interceptor-ref name="json">
				<param name="contentType">application/json</param>
			</interceptor-ref>
			<result type="json" />
		</action>
		<action name="respuesta" method="respuesta"
			class="com.indelpro.action.ForoAction">
			<interceptor-ref name="json">
				<param name="contentType">application/json</param>
			</interceptor-ref>
			<result type="json" />
		</action>
	</package>
</struts>